-- MySQL dump 10.13  Distrib 8.0.38, for Win64 (x86_64)
--
-- Host: localhost    Database: codeflow
-- ------------------------------------------------------
-- Server version	9.0.0

/*!40101 SET @OLD_CHARACTER_SET_CLIENT=@@CHARACTER_SET_CLIENT */;
/*!40101 SET @OLD_CHARACTER_SET_RESULTS=@@CHARACTER_SET_RESULTS */;
/*!40101 SET @OLD_COLLATION_CONNECTION=@@COLLATION_CONNECTION */;
/*!50503 SET NAMES utf8 */;
/*!40103 SET @OLD_TIME_ZONE=@@TIME_ZONE */;
/*!40103 SET TIME_ZONE='+00:00' */;
/*!40014 SET @OLD_UNIQUE_CHECKS=@@UNIQUE_CHECKS, UNIQUE_CHECKS=0 */;
/*!40014 SET @OLD_FOREIGN_KEY_CHECKS=@@FOREIGN_KEY_CHECKS, FOREIGN_KEY_CHECKS=0 */;
/*!40101 SET @OLD_SQL_MODE=@@SQL_MODE, SQL_MODE='NO_AUTO_VALUE_ON_ZERO' */;
/*!40111 SET @OLD_SQL_NOTES=@@SQL_NOTES, SQL_NOTES=0 */;

--
-- Dumping data for table `tags`
--

LOCK TABLES `tags` WRITE;
/*!40000 ALTER TABLE `tags` DISABLE KEYS */;
INSERT INTO `tags` VALUES ('tag001-1111-2222-3333-444444444444','JavaScript','Ngôn ngữ lập trình JavaScript và các framework liên quan','2025-06-27 20:14:08','2025-06-27 20:14:08',NULL),('tag002-2222-3333-4444-555555555555','React','Thư viện React.js cho phát triển giao diện người dùng','2025-06-27 20:14:08','2025-06-27 20:14:08',NULL),('tag003-3333-4444-5555-666666666666','Node.js','Môi trường runtime JavaScript cho backend','2025-06-27 20:14:08','2025-06-27 20:14:08',NULL),('tag004-4444-5555-6666-777777777777','Database','Cơ sở dữ liệu và các công nghệ liên quan','2025-06-27 20:14:08','2025-06-27 20:14:08',NULL),('tag005-5555-6666-7777-888888888888','Machine Learning','Học máy và trí tuệ nhân tạo','2025-06-27 20:14:08','2025-06-27 20:14:08',NULL),('tag006-6666-7777-8888-999999999999','Web Development','Phát triển ứng dụng web full-stack','2025-06-27 20:14:08','2025-06-27 20:14:08',NULL);
/*!40000 ALTER TABLE `tags` ENABLE KEYS */;
UNLOCK TABLES;

--
-- Dumping data for table `users`
--

LOCK TABLES `users` WRITE;
/*!40000 ALTER TABLE `users` DISABLE KEYS */;
INSERT INTO `users` VALUES ('2529834f-d1fc-4a6c-a921-5450f9bba880','tanmai833@gmail.com','tanmaiii','rzJ5LW0uQeRUhQ0lxeNDlP9HVTz2','Đinh Tấn Mãi','$2b$10$P6eVD3soTxnlnuuPDSwCAO4j4Yn9lKNKMXm6tAWKVetQ0p6cw16o.','user','active','https://avatars.githubusercontent.com/u/90459047?v=4','XIN CHÀO mọi người ??????','2025-06-27 23:16:08','2025-08-04 03:44:08',NULL,'dfab48497a7d4d80b6c4479ec9648270a7a2b737050a9cc23e51f1fa6ece2f43','2025-08-04 03:42:18'),('27556855-0763-4a0d-baf7-978a2f22ce79','admin@gmail.com','1751030863242',NULL,'Admin','$2b$10$CnxzrVVqPE75F/6kqq1YUuGnoux/RQFfLRamwoMw5uVjxel7UmiJG','admin','active',NULL,NULL,'2025-06-27 22:27:43','2025-06-27 22:27:43',NULL,NULL,NULL),('8f97b6c1-efb7-42fb-85ce-3616f9d06a26','codeflowedu@gmail.com','codeflowtvu','2kPew3LWcOO3RFOOfx6oMZNdnJJ3','codeflowtvu',NULL,'user','active','https://avatars.githubusercontent.com/u/212010803?v=4',NULL,'2025-06-28 18:59:56','2025-06-28 18:59:56',NULL,NULL,NULL),('a1b2c3d4-e5f6-7890-1234-567890abcdef','admin@codeflow.com','admin_user','','Nguyễn Văn Admin','$2b$10$lFReOatCKcUndW0rB8srk.gZRBk5CKiBEHvM2D8UIda0f1O5LGGhG','admin','active','','Quản trị viên hệ thống CodeFlow','2025-06-27 20:14:08','2025-06-27 22:34:51',NULL,NULL,NULL),('b2c3d4e5-f6g7-8901-2345-678901bcdefg','teacher1@gmail.com','teacher_nguyen','','Nguyễn Thị Lan','$2b$10$W.G6tw4eU0MeCXRFTU4Kn.zuAuYdwwiDW/mIRJR0iwLqEy.U1QLKq','teacher','active','/public/images/react-tutorial.jpg','Giảng viên khoa Công nghệ thông tin','2025-06-27 20:14:08','2025-06-29 02:02:14',NULL,NULL,NULL),('bcceb2d0-0356-488e-ab2d-a6592da1dac0','dinhtanmaivn@gmail.com','dtanmai','2FpTogUQvFTgudok9Kpu0a7Z1G02','Nguyễn Văn An',NULL,'user','active','https://avatars.githubusercontent.com/u/160510597?v=4','','2025-07-13 13:53:42','2025-08-04 01:20:08',NULL,NULL,NULL),('c3d4e5f6-g7h8-9012-3456-789012cdefgh','student1@gmail.com','student_minh','','Trần Văn Minh','$2b$10$PJ2qUvtXz6oCFyFlb8XW2OzIUHIy1nI0kMmzXxJh.csi3OdEjNopS','user','active','','Sinh viên năm 4 chuyên ngành CNTT','2025-06-27 20:14:08','2025-06-27 22:35:30',NULL,NULL,NULL),('ce61b713-8699-49ef-a6f9-f2cd53e41fc3','tanmai03102003@gmail.com','tanmai0310','1vv0ww34HEXf0ZqNzGVVVGaoUnp2','Đinh Văn Ba',NULL,'user','active','https://avatars.githubusercontent.com/u/224441847?v=4','','2025-08-04 02:47:30','2025-08-04 02:51:38',NULL,NULL,NULL),('d4e5f6g7-h8i9-0123-4567-890123defghi','student2@gmail.com','student_linh','','Lê Thị Linh','$2b$10$2Ayxmmv.HWw8Ckwe8yjGTOoY9AC1oaOyC1Q86xiW3U7AEN92atEqC','user','active','','Sinh viên năm 3 chuyên ngành KHMT','2025-06-27 20:14:08','2025-06-27 22:35:34',NULL,NULL,NULL),('e5f6g7h8-i9j0-1234-5678-901234efghij','teacher2@gmail.com','teacher_duc','','Phạm Văn Đức','$2b$10$eraZLvCLKAcej0s3Tm5L0eBACT.RmrYoWaDmycuptVpwaYwbZgJoW','teacher','active','','Giảng viên khoa Khoa học máy tính','2025-06-27 20:14:08','2025-06-29 02:02:27',NULL,NULL,NULL),('f0376187-9a5b-4d6c-97ae-ac8c25a6aafe','test@gmail.com','1754238463499',NULL,'tesst','$2b$10$MwbENMp7J3M1iCiWiqOLmeGR.xc7T1VBbryOrzTo.ml1AjRShM.eO',NULL,'active',NULL,NULL,'2025-08-04 01:27:43','2025-08-04 01:27:43',NULL,NULL,NULL);
/*!40000 ALTER TABLE `users` ENABLE KEYS */;
UNLOCK TABLES;

--
-- Dumping data for table `courses`
--

LOCK TABLES `courses` WRITE;
/*!40000 ALTER TABLE `courses` DISABLE KEYS */;
INSERT INTO `courses` VALUES ('c1299562-628b-4752-a968-787228ca7434','AI agent','<p>An AI agent is <strong><mark style=\"background-color: rgb(52, 69, 127)\">a software system that uses artificial intelligence to perform tasks, pursue goals, and make decisions autonomously on behalf of a user or another system</mark></strong>. These agents can process various forms of data, reason, learn, and adapt to their environment to achieve desired outcomes.&nbsp;</p><p>Here\'s a more detailed explanation:</p><p><strong>Key Characteristics of AI Agents:</strong></p><ul class=\"list-disc ml-3\"><li><p><strong>Autonomy:</strong></p><p>AI agents can operate with minimal or no direct human intervention, making decisions and taking actions based on their programming and learned information.&nbsp;</p></li><li><p><strong>Goal-Oriented:</strong></p><p>They are designed to achieve specific objectives, whether it\'s completing a task, solving a problem, or providing information.&nbsp;</p></li><li><p><strong>Adaptability:</strong></p><p>AI agents can learn from data, user feedback, and their environment to improve their performance and decision-making over time.&nbsp;</p></li><li><p><strong>Reasoning and Planning:</strong></p><p>They can analyze situations, formulate plans, and execute tasks in a logical and efficient manner.&nbsp;</p></li><li><p><strong>Multi-modal Input:</strong></p><p>Modern AI agents can process and understand various types of data, including text, voice, images, and more.&nbsp;</p></li></ul><p><strong>How AI Agents Work:</strong></p><p><strong>AI agents typically involve the following components:&nbsp;</strong></p><ol class=\"list-decimal ml-3\"><li><p><strong>1. Perception:</strong></p><p>The agent senses its environment through sensors (e.g., cameras, microphones, sensors).&nbsp;</p></li><li><p><strong>2. Reasoning:</strong></p><p>The agent analyzes the sensed information, applies rules, and uses knowledge to make decisions.&nbsp;</p></li><li><p><strong>3. Action:</strong></p><p>The agent takes actions based on its reasoning, such as interacting with users, controlling devices, or manipulating objects.&nbsp;</p></li><li><p><strong>4. Learning:</strong></p><p>The agent updates its knowledge and improves its performance based on past experiences and feedback.&nbsp;</p></li></ol><p><strong>Examples of AI Agents:</strong></p><ul class=\"list-disc ml-3\"><li><p><strong>Chatbots and Virtual Assistants:</strong></p><p>AI agents can power conversational interfaces that help users with tasks like scheduling appointments, answering questions, or making travel arrangements.&nbsp;</p></li><li><p><strong>Robotic Process Automation (RPA):</strong></p><p>AI agents can automate repetitive business processes, such as data entry, invoice processing, or report generation.&nbsp;</p></li><li><p><strong>Personalized Recommendation Systems:</strong></p><p>AI agents can analyze user preferences and browsing history to provide tailored recommendations for products, content, or services.&nbsp;</p></li><li><p><strong>Autonomous Vehicles:</strong></p><p>AI agents control the navigation and operation of self-driving cars, using sensors and algorithms to make real-time decisions.&nbsp;</p></li><li><p><strong>Intelligent Manufacturing Systems:</strong></p><p>AI agents can optimize production processes, monitor equipment for maintenance, and improve overall efficiency.&nbsp;</p></li></ul><p><strong>AI Agents vs. Traditional Software:&nbsp;</strong></p><ul class=\"list-disc ml-3\"><li><p>AI agents differ from traditional software in their ability to adapt, learn, and make decisions autonomously.&nbsp;</p></li><li><p>They are not simply tools that execute pre-defined instructions; they can analyze situations, formulate plans, and take actions to achieve goals.&nbsp;</p></li><li><p>AI agents are becoming increasingly integrated with other technologies like the Internet of Things (IoT) and large language models (LLMs), creating more intelligent and interconnected systems.&nbsp;</p></li></ul>','','2025-08-17 02:00:00','2025-08-30 02:00:00','2025-08-04 02:00:00','2025-08-09 02:00:00','2025-08-31 02:00:00',1,3,'$2b$10$vBSYxL5G2c7y8nvH96HY/eeMa1/jLRNU6EYzel4qFObWtjb.pDFyS','b2c3d4e5-f6g7-8901-2345-678901bcdefg','foundation','2025-06-29 02:12:05','2025-08-04 04:02:03',NULL),('course01-1111-2222-3333-444444444444','Lập trình Web với React.js','Khóa học về phát triển ứng dụng web hiện đại với React.js, Redux và các công nghệ frontend tiên tiến','/public/images/course1.jpg','2024-02-01 00:00:00','2024-06-30 00:00:00','2024-01-15 00:00:00','2024-01-31 00:00:00','2024-03-15 00:00:00',1,4,NULL,'b2c3d4e5-f6g7-8901-2345-678901bcdefg','major','2025-06-27 20:20:30','2025-06-27 20:20:30',NULL),('course02-2222-3333-4444-555555555555','Cơ sở dữ liệu nâng cao','Khóa học về thiết kế, tối ưu hóa và quản trị cơ sở dữ liệu MySQL, PostgreSQL','/public/images/course2.jpg','2024-02-15 00:00:00','2024-07-15 00:00:00','2024-01-20 00:00:00','2024-02-10 00:00:00','2024-04-01 00:00:00',1,3,'db2024','e5f6g7h8-i9j0-1234-5678-901234efghij','foundation','2025-06-27 20:20:30','2025-06-27 20:20:30',NULL),('course03-3333-4444-5555-666666666666','Trí tuệ nhân tạo cơ bản','Giới thiệu về Machine Learning, Deep Learning và các ứng dụng AI trong thực tế','/public/images/course3.jpg','2024-03-01 00:00:00','2024-08-01 00:00:00','2024-02-10 00:00:00','2024-02-25 00:00:00','2024-04-15 00:00:00',1,5,NULL,'b2c3d4e5-f6g7-8901-2345-678901bcdefg','elective','2025-06-27 20:20:30','2025-06-27 20:20:30',NULL);
/*!40000 ALTER TABLE `courses` ENABLE KEYS */;
UNLOCK TABLES;

--
-- Dumping data for table `topics`
--

LOCK TABLES `topics` WRITE;
/*!40000 ALTER TABLE `topics` DISABLE KEYS */;
INSERT INTO `topics` VALUES ('2bad4f56-9698-4fc0-9115-2af49f38981e','Đánh giá bài tập bằng ai agent','Đánh giá bài tập bằng ai agent','c1299562-628b-4752-a968-787228ca7434',NULL,'bcceb2d0-0356-488e-ab2d-a6592da1dac0',1,'approved','DTM','2025-07-14 18:29:49','2025-08-05 01:07:17',NULL),('588ee5ad-8d7a-4ad5-9d06-0cf334060d17','Xây dựng chatbot trả lời lịch sử việt nam','Xây dựng chatbot trả lời lịch sử việt nam DAS ASJDHJ JHAS DHJKAS DH','c1299562-628b-4752-a968-787228ca7434',NULL,'b2c3d4e5-f6g7-8901-2345-678901bcdefg',0,'pending','ABC','2025-08-05 01:27:56','2025-08-05 01:54:22',NULL),('aaf81dab-cd89-4647-95be-bc2a0d3d3fe7','new newn ewn','new newn ewn','c1299562-628b-4752-a968-787228ca7434',NULL,'b2c3d4e5-f6g7-8901-2345-678901bcdefg',1,'pending','1233','2025-06-29 02:16:08','2025-06-29 02:16:08','2025-08-05 01:27:19'),('bb956b4b-dec1-463d-836a-6c121c2d60de','Ứng dụng AI trong bán hàng online','Mô tả Ứng dụng AI trong bán hàng online','c1299562-628b-4752-a968-787228ca7434',NULL,'b2c3d4e5-f6g7-8901-2345-678901bcdefg',0,'approved','TTT34','2025-06-29 02:26:28','2025-08-05 01:24:47',NULL),('topic01-1111-2222-3333-444444444444','Xây dựng website bán hàng online','Phát triển website thương mại điện tử hoàn chỉnh với React.js frontend và Node.js backend','course01-1111-2222-3333-444444444444','b2c3d4e5-f6g7-8901-2345-678901bcdefg','c3d4e5f6-g7h8-9012-3456-789012cdefgh',1,'approved','Team Alpha','2025-06-27 20:20:31','2025-06-27 20:20:31',NULL),('topic02-2222-3333-4444-555555555555','Hệ thống quản lý thư viện','Xây dựng ứng dụng quản lý thư viện với database MySQL và giao diện web responsive','course02-2222-3333-4444-555555555555','e5f6g7h8-i9j0-1234-5678-901234efghij','d4e5f6g7-h8i9-0123-4567-890123defghi',0,'pending','Team Beta','2025-06-27 20:20:31','2025-06-27 20:20:31',NULL),('topic03-3333-4444-5555-666666666666','Chatbot AI hỗ trợ học tập','Phát triển chatbot thông minh sử dụng NLP để hỗ trợ sinh viên trong việc học tập','course03-3333-4444-5555-666666666666','b2c3d4e5-f6g7-8901-2345-678901bcdefg','c3d4e5f6-g7h8-9012-3456-789012cdefgh',1,'approved','AI Team','2025-06-27 20:20:31','2025-06-27 20:20:31',NULL);
/*!40000 ALTER TABLE `topics` ENABLE KEYS */;
UNLOCK TABLES;

--
-- Dumping data for table `repos`
--

LOCK TABLES `repos` WRITE;
/*!40000 ALTER TABLE `repos` DISABLE KEYS */;
INSERT INTO `repos` VALUES ('18c6bb63-48b2-4799-8eed-d59f98160b75','csn-danhgiabaitapbangaiagent-dtm-be','https://github.com/organization-codeflow/csn-danhgiabaitapbangaiagent-dtm-be','c1299562-628b-4752-a968-787228ca7434','2bad4f56-9698-4fc0-9115-2af49f38981e','2529834f-d1fc-4a6c-a921-5450f9bba880','2025-07-23 16:23:07','2025-07-23 16:23:07',NULL,'Javascript/Typescript','Express','csn-danhgiabaitapbangaiagent-dtm-be'),('2c51f307-c330-4d7f-bc9a-6feb4d91064f','csn-danhgiabaitapbangaiagent-dtm-REACT','https://github.com/organization-codeflow/csn-danhgiabaitapbangaiagent-dtm-REACT','c1299562-628b-4752-a968-787228ca7434','2bad4f56-9698-4fc0-9115-2af49f38981e','2529834f-d1fc-4a6c-a921-5450f9bba880','2025-07-20 20:43:01','2025-07-20 20:43:01',NULL,'Javascript/Typescript','React','csn-danhgiabaitapbangaiagent-dtm-react');
/*!40000 ALTER TABLE `repos` ENABLE KEYS */;
UNLOCK TABLES;

--
-- Dumping data for table `posts`
--

LOCK TABLES `posts` WRITE;
/*!40000 ALTER TABLE `posts` DISABLE KEYS */;
INSERT INTO `posts` VALUES ('post001-1111-2222-3333-444444444444','Hướng dẫn setup React.js cho người mới bắt đầu','<h2>Giới thiệu về React.js</h2><p>React.js là một thư viện JavaScript mạnh mẽ để xây dựng giao diện người dùng...</p><h3>Cài đặt môi trường</h3><p>Đầu tiên, bạn cần cài đặt Node.js và npm...</p>',1,'b2c3d4e5-f6g7-8901-2345-678901bcdefg','/public/images/react-tutorial.jpg','2025-06-27 20:20:31','2025-06-27 20:20:31',NULL),('post002-2222-3333-4444-555555555555','Best practices khi thiết kế database','<h2>Nguyên tắc thiết kế CSDL</h2><p>Việc thiết kế cơ sở dữ liệu tốt là nền tảng quan trọng...</p><h3>Normalization</h3><p>Chuẩn hóa dữ liệu giúp giảm redundancy...</p>',1,'e5f6g7h8-i9j0-1234-5678-901234efghij','/public/images/database-design.jpg','2025-06-27 20:20:31','2025-06-27 20:20:31',NULL),('post003-3333-4444-5555-666666666666','Chia sẻ kinh nghiệm làm đồ án tốt nghiệp','<h2>Lựa chọn chủ đề</h2><p>Việc chọn đúng chủ đề đồ án rất quan trọng...</p><h3>Quy trình thực hiện</h3><p>Chia nhỏ công việc thành các milestone...</p>',1,'2529834f-d1fc-4a6c-a921-5450f9bba880','1753623837456_1_7xkv_y7riq3u-gbbtmtbrg.png','2025-06-27 20:20:31','2025-07-27 22:43:57',NULL);
/*!40000 ALTER TABLE `posts` ENABLE KEYS */;
UNLOCK TABLES;


--
-- Dumping data for table `code_analysis`
--

LOCK TABLES `code_analysis` WRITE;
/*!40000 ALTER TABLE `code_analysis` DISABLE KEYS */;
INSERT INTO `code_analysis` VALUES ('0664d485-7c83-4322-abeb-b6a616a725a0','2c51f307-c330-4d7f-bc9a-6feb4d91064f','master','efaa4e1843025440172678ea799b3adb829ea572','2025-07-20 22:30:03','2025-07-20 22:30:03','success','2025-07-20 22:30:03','16400415365','2529834f-d1fc-4a6c-a921-5450f9bba880'),('159c8a65-dba7-4a88-b48b-1d0a1286c725','2c51f307-c330-4d7f-bc9a-6feb4d91064f','master','7755350689abab8be05a3331c66d31da940f4bee','2025-07-28 22:45:35','2025-07-28 22:45:35','success','2025-07-28 22:45:35','16570735193','bcceb2d0-0356-488e-ab2d-a6592da1dac0'),('3056723c-4542-458b-8b5f-0ee0b3289557','2c51f307-c330-4d7f-bc9a-6feb4d91064f','master','e629a3618d5fa548e28bf48507651bf018ef23bc','2025-07-28 22:44:46','2025-07-28 22:44:46','failure','2025-07-28 22:44:46','16570730660','bcceb2d0-0356-488e-ab2d-a6592da1dac0'),('82d928ea-bf3d-409f-b462-3e7fa1333809','2c51f307-c330-4d7f-bc9a-6feb4d91064f','dtanmai-patch-2','7446c6068bcb22f1030c97fb20fcc9bafdbec6ce','2025-07-28 23:04:44','2025-07-28 23:04:44','failure','2025-07-28 23:04:44','16571206158','bcceb2d0-0356-488e-ab2d-a6592da1dac0'),('85e26e4b-a518-4b32-9623-6a3d262f6368','2c51f307-c330-4d7f-bc9a-6feb4d91064f','dtanmai-patch-1','22a0c494dfeff23f91ee9fe5c9a50d8071a0a6cb','2025-07-28 22:32:53','2025-07-28 22:32:53','success','2025-07-28 22:32:53','16570438754','bcceb2d0-0356-488e-ab2d-a6592da1dac0'),('9759b80c-8789-4a38-aeb1-6810d056463d','2c51f307-c330-4d7f-bc9a-6feb4d91064f','dtanmai-patch-2','765f995582741a4587b96610dd33ff2e4097b714','2025-07-28 22:45:38','2025-07-28 22:45:38','failure','2025-07-28 22:45:38','16570750968','bcceb2d0-0356-488e-ab2d-a6592da1dac0'),('9a031e00-4ec0-45b3-9211-09ff39aee77a','2c51f307-c330-4d7f-bc9a-6feb4d91064f','tanmaiii-patch-1','be355a33d05456f945f53df26326efa68bbec293','2025-07-26 01:13:11','2025-07-26 01:13:11','success','2025-07-26 01:13:11','16526541160','2529834f-d1fc-4a6c-a921-5450f9bba880'),('b7546cd4-1baa-497c-8338-3e429561cb82','2c51f307-c330-4d7f-bc9a-6feb4d91064f','tanmaiii-patch-1','36d646bc147c518e08977c516577da4c9de5b39c','2025-07-26 01:23:11','2025-07-26 01:23:11','success','2025-07-26 01:23:11','16526721037','2529834f-d1fc-4a6c-a921-5450f9bba880'),('c25c781f-b484-4f37-80fd-00e54122e9e4','2c51f307-c330-4d7f-bc9a-6feb4d91064f','master','9572a000c0c5033964e62f00ec87d524b2b525c4','2025-07-21 13:35:48','2025-07-21 13:35:48','success','2025-07-21 13:35:48','16408604413','2529834f-d1fc-4a6c-a921-5450f9bba880'),('df3aa417-f375-4dd8-b9da-1b30048cb841','2c51f307-c330-4d7f-bc9a-6feb4d91064f','tanmaiii-patch-1','adfe9f68861be07d9ae9de77772a5b6c2a5b728d','2025-07-26 01:37:42','2025-07-26 01:37:42','success','2025-07-26 01:37:42','16526983634','2529834f-d1fc-4a6c-a921-5450f9bba880'),('fe6372ae-5bee-450f-92ef-de8d2b5f89f6','2c51f307-c330-4d7f-bc9a-6feb4d91064f','master','484879795a8b8f0858f797bf91105a6a058c468f','2025-07-27 19:28:39','2025-07-27 19:28:39','success','2025-07-27 19:28:39','16550114468','bcceb2d0-0356-488e-ab2d-a6592da1dac0'),('fe6372ae-5bee-450f-92ef-de8d2b5f89f7','18c6bb63-48b2-4799-8eed-d59f98160b75','master','484879795a8b8f0858f797bf91105a6a058c468f','2025-07-27 19:28:39','2025-07-27 19:28:39','success','2025-07-27 19:28:39','16550114468','bcceb2d0-0356-488e-ab2d-a6592da1dac0');
/*!40000 ALTER TABLE `code_analysis` ENABLE KEYS */;
UNLOCK TABLES;

--
-- Dumping data for table `commits`
--

LOCK TABLES `commits` WRITE;
/*!40000 ALTER TABLE `commits` DISABLE KEYS */;
INSERT INTO `commits` VALUES ('00bcf3ba-fac8-47a1-b458-e1af074510a5','2c51f307-c330-4d7f-bc9a-6feb4d91064f','Cập nhật readme bởi tấn mãi\n\nCập nhật readme bởi tấn mãi','2529834f-d1fc-4a6c-a921-5450f9bba880','2025-07-25 01:10:11','2025-07-25 01:10:11','be355a33d05456f945f53df26326efa68bbec293',1,1,2,0,'tanmaiii-patch-1'),('0176b76e-0e0c-4416-8ba5-0e9e73df0e6d','2c51f307-c330-4d7f-bc9a-6feb4d91064f','Update README.md','2529834f-d1fc-4a6c-a921-5450f9bba880','2025-07-20 21:03:41','2025-07-20 21:03:41','',0,0,0,0,'master'),('0637cb1a-d8b2-4bc8-8bb0-b2c34aef546b','18c6bb63-48b2-4799-8eed-d59f98160b75','Create index.html','bcceb2d0-0356-488e-ab2d-a6592da1dac0','2025-07-28 02:45:56','2025-07-28 02:45:56','5a13d94cc0daa83e28748744067487dcc0bd3174',9,0,9,0,'master'),('18ad073e-8602-432e-90a6-66495484239d','2c51f307-c330-4d7f-bc9a-6feb4d91064f','Update NoData.js','bcceb2d0-0356-488e-ab2d-a6592da1dac0','2025-07-28 23:04:02','2025-07-28 23:04:02','7446c6068bcb22f1030c97fb20fcc9bafdbec6ce',1,1,2,0,'dtanmai-patch-2'),('1a4b2ff3-ad40-4d92-ae8f-1be29702a164','2c51f307-c330-4d7f-bc9a-6feb4d91064f','Update README.md','2529834f-d1fc-4a6c-a921-5450f9bba880','2025-07-21 13:30:59','2025-07-21 13:30:59','',0,0,0,0,'master'),('2cccb440-3388-4a32-861d-a5dc86ff59f2','2c51f307-c330-4d7f-bc9a-6feb4d91064f','Update README.md','2529834f-d1fc-4a6c-a921-5450f9bba880','2025-07-26 01:21:46','2025-07-26 01:21:46','36d646bc147c518e08977c516577da4c9de5b39c',1,1,2,0,'tanmaiii-patch-1'),('32a6276c-93af-4ed9-84aa-e3fcd7e1e91e','2c51f307-c330-4d7f-bc9a-6feb4d91064f','Update README.md','2529834f-d1fc-4a6c-a921-5450f9bba880','2025-07-20 22:15:50','2025-07-20 22:15:50','',0,0,0,0,'master'),('3342a410-63ea-4370-9c01-90b82480e9a2','2c51f307-c330-4d7f-bc9a-6feb4d91064f','Update README.md to reflect new project version number','2529834f-d1fc-4a6c-a921-5450f9bba880','2025-07-20 20:46:18','2025-07-20 20:46:18','',0,0,0,0,'master'),('41538b51-6eb1-4cc3-913a-f8f25b1d3814','2c51f307-c330-4d7f-bc9a-6feb4d91064f','Update README.md','2529834f-d1fc-4a6c-a921-5450f9bba880','2025-07-20 22:28:39','2025-07-20 22:28:39','',0,0,0,0,'master'),('5786240c-fa8a-4284-b519-92ff0e4e5048','2c51f307-c330-4d7f-bc9a-6feb4d91064f','Update page.js\n\nUpdate page.js','2529834f-d1fc-4a6c-a921-5450f9bba880','2025-07-26 01:36:19','2025-07-26 01:36:19','adfe9f68861be07d9ae9de77772a5b6c2a5b728d',1,1,2,0,'tanmaiii-patch-1'),('70f1cdfe-f629-4dd4-aaab-c9c9a8913e1f','2c51f307-c330-4d7f-bc9a-6feb4d91064f','Update README.md','bcceb2d0-0356-488e-ab2d-a6592da1dac0','2025-07-27 19:27:16','2025-07-27 19:27:16','484879795a8b8f0858f797bf91105a6a058c468f',1,1,2,0,'master'),('8e2e8e9b-b9a9-417e-a567-3454d5d5cd5d','2c51f307-c330-4d7f-bc9a-6feb4d91064f','Update README.md','2529834f-d1fc-4a6c-a921-5450f9bba880','2025-07-21 13:34:22','2025-07-21 13:34:22','',0,0,0,0,'master'),('a5e9fac4-5998-4aa8-bf64-7984545a5067','2c51f307-c330-4d7f-bc9a-6feb4d91064f','Create Nodat.js','bcceb2d0-0356-488e-ab2d-a6592da1dac0','2025-07-28 22:44:07','2025-07-28 22:44:07','e629a3618d5fa548e28bf48507651bf018ef23bc',18,0,18,0,'master'),('ac459b40-74b7-4f12-b401-2baca6063566','18c6bb63-48b2-4799-8eed-d59f98160b75','Update README.md','8f97b6c1-efb7-42fb-85ce-3616f9d06a26','2025-07-27 14:33:55','2025-07-27 14:33:55','316a7d7e4d96e2fab7c09159669488a825fb9532',0,1,1,0,'master'),('b1e07e72-f99e-48f7-8349-0427621839e9','2c51f307-c330-4d7f-bc9a-6feb4d91064f','Create NoData.js','bcceb2d0-0356-488e-ab2d-a6592da1dac0','2025-07-28 22:44:46','2025-07-28 22:44:46','765f995582741a4587b96610dd33ff2e4097b714',24,0,24,0,'dtanmai-patch-2'),('b7ea7e88-a19d-4daf-9958-488d79f6917d','2c51f307-c330-4d7f-bc9a-6feb4d91064f','Update README.md','2529834f-d1fc-4a6c-a921-5450f9bba880','2025-07-20 22:23:29','2025-07-20 22:23:29','',0,0,0,0,'master'),('c18f58ee-012d-4f89-8428-63650f1ddfe9','2c51f307-c330-4d7f-bc9a-6feb4d91064f','Create NotFound.js','bcceb2d0-0356-488e-ab2d-a6592da1dac0','2025-07-28 22:31:09','2025-07-28 22:31:09','22a0c494dfeff23f91ee9fe5c9a50d8071a0a6cb',28,0,28,0,'dtanmai-patch-1'),('ca5d18d4-90f6-4f32-a11d-b9f2f806f037','2c51f307-c330-4d7f-bc9a-6feb4d91064f','Update README.md to include installation instructions and usage examples','2529834f-d1fc-4a6c-a921-5450f9bba880','2025-07-20 20:47:50','2025-07-20 20:47:50','',0,0,0,0,'master'),('f3b7769b-2289-4b82-a344-c61f4a63a03f','2c51f307-c330-4d7f-bc9a-6feb4d91064f','Update README.md','8f97b6c1-efb7-42fb-85ce-3616f9d06a26','2025-07-20 20:43:41','2025-07-20 20:43:41','',0,0,0,0,'master'),('fa977bce-5d02-47a3-ba01-8e482767317b','2c51f307-c330-4d7f-bc9a-6feb4d91064f','Delete src/app/Nodat.js','bcceb2d0-0356-488e-ab2d-a6592da1dac0','2025-07-28 22:44:18','2025-07-28 22:44:18','7755350689abab8be05a3331c66d31da940f4bee',0,18,18,0,'master');
/*!40000 ALTER TABLE `commits` ENABLE KEYS */;
UNLOCK TABLES;

--
-- Dumping data for table `pull_requests`
--

LOCK TABLES `pull_requests` WRITE;
/*!40000 ALTER TABLE `pull_requests` DISABLE KEYS */;
INSERT INTO `pull_requests` VALUES ('6e38abfd-f033-4a89-b1f0-1efd74da53e0','2c51f307-c330-4d7f-bc9a-6feb4d91064f',4,'Create NoData.js','Create NoData.js','bcceb2d0-0356-488e-ab2d-a6592da1dac0','dtanmai-patch-2','master',2,24,0,'closed',NULL,'2025-07-30 21:16:11','2025-07-28 22:44:56','2025-07-30 21:16:12',NULL),('b12c6f4b-fdcf-4ba5-9fc8-8a95cf793f01','2c51f307-c330-4d7f-bc9a-6feb4d91064f',1,'Pull request cập nhật readme','Mô tả Pull request cập nhật readme ','2529834f-d1fc-4a6c-a921-5450f9bba880','tanmaiii-patch-1','master',3,2,2,'open',NULL,NULL,'2025-07-26 01:21:47','2025-07-26 01:36:19',NULL),('bacca393-73af-4015-8254-ccbf064c71ae','2c51f307-c330-4d7f-bc9a-6feb4d91064f',3,'Create NotFound.js','Create NotFound.js in app','bcceb2d0-0356-488e-ab2d-a6592da1dac0','dtanmai-patch-1','master',1,28,0,'open',NULL,NULL,'2025-07-28 22:31:30','2025-07-28 22:31:30',NULL);
/*!40000 ALTER TABLE `pull_requests` ENABLE KEYS */;
UNLOCK TABLES;

--
-- Dumping data for table `code_analysis_metrics`
--

LOCK TABLES `code_analysis_metrics` WRITE;
/*!40000 ALTER TABLE `code_analysis_metrics` DISABLE KEYS */;
INSERT INTO `code_analysis_metrics` VALUES (3,'0664d485-7c83-4322-abeb-b6a616a725a0','coverage','0.0',0),(4,'0664d485-7c83-4322-abeb-b6a616a725a0','reliability_rating','3.0',0),(5,'0664d485-7c83-4322-abeb-b6a616a725a0','complexity','2',NULL),(6,'0664d485-7c83-4322-abeb-b6a616a725a0','code_smells','2',0),(7,'0664d485-7c83-4322-abeb-b6a616a725a0','duplicated_lines_density','0.0',1),(8,'0664d485-7c83-4322-abeb-b6a616a725a0','duplicated_lines','0',1),(9,'0664d485-7c83-4322-abeb-b6a616a725a0','functions','2',NULL),(10,'0664d485-7c83-4322-abeb-b6a616a725a0','security_rating','1.0',1),(11,'0664d485-7c83-4322-abeb-b6a616a725a0','classes','0',NULL),(12,'0664d485-7c83-4322-abeb-b6a616a725a0','security_hotspots','0',1),(13,'0664d485-7c83-4322-abeb-b6a616a725a0','security_review_rating','1.0',1),(14,'0664d485-7c83-4322-abeb-b6a616a725a0','sqale_index','10',0),(15,'0664d485-7c83-4322-abeb-b6a616a725a0','sqale_rating','1.0',1),(16,'0664d485-7c83-4322-abeb-b6a616a725a0','bugs','1',0),(17,'0664d485-7c83-4322-abeb-b6a616a725a0','lines_to_cover','11',NULL),(18,'0664d485-7c83-4322-abeb-b6a616a725a0','uncovered_lines','11',0),(19,'0664d485-7c83-4322-abeb-b6a616a725a0','cognitive_complexity','0',1),(20,'0664d485-7c83-4322-abeb-b6a616a725a0','duplicated_blocks','0',1),(21,'0664d485-7c83-4322-abeb-b6a616a725a0','ncloc','165',NULL),(22,'0664d485-7c83-4322-abeb-b6a616a725a0','vulnerabilities','0',1),(23,'0664d485-7c83-4322-abeb-b6a616a725a0','files','9',NULL),(24,'0664d485-7c83-4322-abeb-b6a616a725a0','line_coverage','0.0',0),(25,'c25c781f-b484-4f37-80fd-00e54122e9e4','coverage','0.0',0),(26,'c25c781f-b484-4f37-80fd-00e54122e9e4','reliability_rating','3.0',0),(27,'c25c781f-b484-4f37-80fd-00e54122e9e4','complexity','2',NULL),(28,'c25c781f-b484-4f37-80fd-00e54122e9e4','code_smells','2',0),(29,'c25c781f-b484-4f37-80fd-00e54122e9e4','duplicated_lines_density','0.0',1),(30,'c25c781f-b484-4f37-80fd-00e54122e9e4','duplicated_lines','0',1),(31,'c25c781f-b484-4f37-80fd-00e54122e9e4','functions','2',NULL),(32,'c25c781f-b484-4f37-80fd-00e54122e9e4','security_rating','1.0',1),(33,'c25c781f-b484-4f37-80fd-00e54122e9e4','classes','0',NULL),(34,'c25c781f-b484-4f37-80fd-00e54122e9e4','security_hotspots','0',1),(35,'c25c781f-b484-4f37-80fd-00e54122e9e4','security_review_rating','1.0',1),(36,'c25c781f-b484-4f37-80fd-00e54122e9e4','sqale_index','10',0),(37,'c25c781f-b484-4f37-80fd-00e54122e9e4','sqale_rating','1.0',1),(38,'c25c781f-b484-4f37-80fd-00e54122e9e4','bugs','1',0),(39,'c25c781f-b484-4f37-80fd-00e54122e9e4','lines_to_cover','11',NULL),(40,'c25c781f-b484-4f37-80fd-00e54122e9e4','uncovered_lines','11',0),(41,'c25c781f-b484-4f37-80fd-00e54122e9e4','cognitive_complexity','0',1),(42,'c25c781f-b484-4f37-80fd-00e54122e9e4','duplicated_blocks','0',1),(43,'c25c781f-b484-4f37-80fd-00e54122e9e4','ncloc','165',NULL),(44,'c25c781f-b484-4f37-80fd-00e54122e9e4','vulnerabilities','0',1),(45,'c25c781f-b484-4f37-80fd-00e54122e9e4','files','9',NULL),(46,'c25c781f-b484-4f37-80fd-00e54122e9e4','line_coverage','0.0',0),(47,'c25c781f-b484-4f37-80fd-00e54122e9e4','security_hotspots_reviewed','100',1),(49,'0664d485-7c83-4322-abeb-b6a616a725a0','security_hotspots_reviewed','100',1),(50,'9a031e00-4ec0-45b3-9211-09ff39aee77a','coverage','0.0',0),(51,'9a031e00-4ec0-45b3-9211-09ff39aee77a','complexity','2',NULL),(52,'9a031e00-4ec0-45b3-9211-09ff39aee77a','reliability_rating','3.0',0),(53,'9a031e00-4ec0-45b3-9211-09ff39aee77a','duplicated_lines_density','0.0',1),(54,'9a031e00-4ec0-45b3-9211-09ff39aee77a','code_smells','2',0),(55,'9a031e00-4ec0-45b3-9211-09ff39aee77a','duplicated_lines','0',1),(56,'9a031e00-4ec0-45b3-9211-09ff39aee77a','functions','2',NULL),(57,'9a031e00-4ec0-45b3-9211-09ff39aee77a','security_rating','1.0',1),(58,'9a031e00-4ec0-45b3-9211-09ff39aee77a','classes','0',NULL),(59,'9a031e00-4ec0-45b3-9211-09ff39aee77a','security_hotspots_reviewed','100.0',1),(60,'9a031e00-4ec0-45b3-9211-09ff39aee77a','security_hotspots','0',1),(61,'9a031e00-4ec0-45b3-9211-09ff39aee77a','security_review_rating','1.0',1),(62,'9a031e00-4ec0-45b3-9211-09ff39aee77a','sqale_index','10',0),(63,'9a031e00-4ec0-45b3-9211-09ff39aee77a','sqale_rating','1.0',1),(64,'9a031e00-4ec0-45b3-9211-09ff39aee77a','bugs','1',0),(65,'9a031e00-4ec0-45b3-9211-09ff39aee77a','lines_to_cover','11',NULL),(66,'9a031e00-4ec0-45b3-9211-09ff39aee77a','uncovered_lines','11',0),(67,'9a031e00-4ec0-45b3-9211-09ff39aee77a','cognitive_complexity','0',1),(68,'9a031e00-4ec0-45b3-9211-09ff39aee77a','duplicated_blocks','0',1),(69,'9a031e00-4ec0-45b3-9211-09ff39aee77a','ncloc','165',NULL),(70,'9a031e00-4ec0-45b3-9211-09ff39aee77a','vulnerabilities','0',1),(71,'9a031e00-4ec0-45b3-9211-09ff39aee77a','files','9',NULL),(72,'9a031e00-4ec0-45b3-9211-09ff39aee77a','line_coverage','0.0',0),(73,'b7546cd4-1baa-497c-8338-3e429561cb82','coverage','0.0',0),(74,'b7546cd4-1baa-497c-8338-3e429561cb82','complexity','2',NULL),(75,'b7546cd4-1baa-497c-8338-3e429561cb82','reliability_rating','3.0',0),(76,'b7546cd4-1baa-497c-8338-3e429561cb82','duplicated_lines_density','0.0',1),(77,'b7546cd4-1baa-497c-8338-3e429561cb82','code_smells','2',0),(78,'b7546cd4-1baa-497c-8338-3e429561cb82','duplicated_lines','0',1),(79,'b7546cd4-1baa-497c-8338-3e429561cb82','functions','2',NULL),(80,'b7546cd4-1baa-497c-8338-3e429561cb82','security_rating','1.0',1),(81,'b7546cd4-1baa-497c-8338-3e429561cb82','classes','0',NULL),(82,'b7546cd4-1baa-497c-8338-3e429561cb82','security_hotspots_reviewed','100.0',1),(83,'b7546cd4-1baa-497c-8338-3e429561cb82','security_hotspots','0',1),(84,'b7546cd4-1baa-497c-8338-3e429561cb82','security_review_rating','1.0',1),(85,'b7546cd4-1baa-497c-8338-3e429561cb82','sqale_index','10',0),(86,'b7546cd4-1baa-497c-8338-3e429561cb82','sqale_rating','1.0',1),(87,'b7546cd4-1baa-497c-8338-3e429561cb82','bugs','1',0),(88,'b7546cd4-1baa-497c-8338-3e429561cb82','lines_to_cover','11',NULL),(89,'b7546cd4-1baa-497c-8338-3e429561cb82','uncovered_lines','11',0),(90,'b7546cd4-1baa-497c-8338-3e429561cb82','cognitive_complexity','0',1),(91,'b7546cd4-1baa-497c-8338-3e429561cb82','duplicated_blocks','0',1),(92,'b7546cd4-1baa-497c-8338-3e429561cb82','ncloc','165',NULL),(93,'b7546cd4-1baa-497c-8338-3e429561cb82','vulnerabilities','0',1),(94,'b7546cd4-1baa-497c-8338-3e429561cb82','files','9',NULL),(95,'b7546cd4-1baa-497c-8338-3e429561cb82','line_coverage','0.0',0),(96,'df3aa417-f375-4dd8-b9da-1b30048cb841','coverage','0.0',0),(97,'df3aa417-f375-4dd8-b9da-1b30048cb841','complexity','2',NULL),(98,'df3aa417-f375-4dd8-b9da-1b30048cb841','reliability_rating','3.0',0),(99,'df3aa417-f375-4dd8-b9da-1b30048cb841','duplicated_lines_density','0.0',1),(100,'df3aa417-f375-4dd8-b9da-1b30048cb841','code_smells','2',0),(101,'df3aa417-f375-4dd8-b9da-1b30048cb841','duplicated_lines','0',1),(102,'df3aa417-f375-4dd8-b9da-1b30048cb841','functions','2',NULL),(103,'df3aa417-f375-4dd8-b9da-1b30048cb841','security_rating','1.0',1),(104,'df3aa417-f375-4dd8-b9da-1b30048cb841','classes','0',NULL),(105,'df3aa417-f375-4dd8-b9da-1b30048cb841','security_hotspots_reviewed','100.0',1),(106,'df3aa417-f375-4dd8-b9da-1b30048cb841','security_hotspots','0',1),(107,'df3aa417-f375-4dd8-b9da-1b30048cb841','security_review_rating','1.0',1),(108,'df3aa417-f375-4dd8-b9da-1b30048cb841','sqale_index','10',0),(109,'df3aa417-f375-4dd8-b9da-1b30048cb841','sqale_rating','1.0',1),(110,'df3aa417-f375-4dd8-b9da-1b30048cb841','bugs','1',0),(111,'df3aa417-f375-4dd8-b9da-1b30048cb841','lines_to_cover','11',NULL),(112,'df3aa417-f375-4dd8-b9da-1b30048cb841','uncovered_lines','11',0),(113,'df3aa417-f375-4dd8-b9da-1b30048cb841','cognitive_complexity','0',1),(114,'df3aa417-f375-4dd8-b9da-1b30048cb841','duplicated_blocks','0',1),(115,'df3aa417-f375-4dd8-b9da-1b30048cb841','ncloc','165',NULL),(116,'df3aa417-f375-4dd8-b9da-1b30048cb841','vulnerabilities','0',1),(117,'df3aa417-f375-4dd8-b9da-1b30048cb841','files','9',NULL),(118,'df3aa417-f375-4dd8-b9da-1b30048cb841','line_coverage','0.0',0),(119,'fe6372ae-5bee-450f-92ef-de8d2b5f89f6','coverage','0.0',0),(120,'fe6372ae-5bee-450f-92ef-de8d2b5f89f6','complexity','2',NULL),(121,'fe6372ae-5bee-450f-92ef-de8d2b5f89f6','reliability_rating','3.0',0),(122,'fe6372ae-5bee-450f-92ef-de8d2b5f89f6','duplicated_lines_density','0.0',1),(123,'fe6372ae-5bee-450f-92ef-de8d2b5f89f6','code_smells','2',0),(124,'fe6372ae-5bee-450f-92ef-de8d2b5f89f6','duplicated_lines','0',1),(125,'fe6372ae-5bee-450f-92ef-de8d2b5f89f6','functions','2',NULL),(126,'fe6372ae-5bee-450f-92ef-de8d2b5f89f6','security_rating','1.0',1),(127,'fe6372ae-5bee-450f-92ef-de8d2b5f89f6','classes','0',NULL),(128,'fe6372ae-5bee-450f-92ef-de8d2b5f89f6','security_hotspots_reviewed','100.0',1),(129,'fe6372ae-5bee-450f-92ef-de8d2b5f89f6','security_hotspots','0',1),(130,'fe6372ae-5bee-450f-92ef-de8d2b5f89f6','security_review_rating','1.0',1),(131,'fe6372ae-5bee-450f-92ef-de8d2b5f89f6','sqale_index','10',0),(132,'fe6372ae-5bee-450f-92ef-de8d2b5f89f6','sqale_rating','1.0',1),(133,'fe6372ae-5bee-450f-92ef-de8d2b5f89f6','bugs','1',0),(134,'fe6372ae-5bee-450f-92ef-de8d2b5f89f6','lines_to_cover','11',NULL),(135,'fe6372ae-5bee-450f-92ef-de8d2b5f89f6','uncovered_lines','11',0),(136,'fe6372ae-5bee-450f-92ef-de8d2b5f89f6','cognitive_complexity','0',1),(137,'fe6372ae-5bee-450f-92ef-de8d2b5f89f6','duplicated_blocks','0',1),(138,'fe6372ae-5bee-450f-92ef-de8d2b5f89f6','ncloc','165',NULL),(139,'fe6372ae-5bee-450f-92ef-de8d2b5f89f6','vulnerabilities','0',1),(140,'fe6372ae-5bee-450f-92ef-de8d2b5f89f6','files','9',NULL),(141,'fe6372ae-5bee-450f-92ef-de8d2b5f89f6','line_coverage','0.0',0),(142,'85e26e4b-a518-4b32-9623-6a3d262f6368','coverage','0.0',0),(143,'85e26e4b-a518-4b32-9623-6a3d262f6368','complexity','2',NULL),(144,'85e26e4b-a518-4b32-9623-6a3d262f6368','reliability_rating','3.0',0),(145,'85e26e4b-a518-4b32-9623-6a3d262f6368','duplicated_lines_density','0.0',1),(146,'85e26e4b-a518-4b32-9623-6a3d262f6368','code_smells','2',0),(147,'85e26e4b-a518-4b32-9623-6a3d262f6368','duplicated_lines','0',1),(148,'85e26e4b-a518-4b32-9623-6a3d262f6368','functions','2',NULL),(149,'85e26e4b-a518-4b32-9623-6a3d262f6368','security_rating','1.0',1),(150,'85e26e4b-a518-4b32-9623-6a3d262f6368','classes','0',NULL),(151,'85e26e4b-a518-4b32-9623-6a3d262f6368','security_hotspots_reviewed','100.0',1),(152,'85e26e4b-a518-4b32-9623-6a3d262f6368','security_hotspots','0',1),(153,'85e26e4b-a518-4b32-9623-6a3d262f6368','security_review_rating','1.0',1),(154,'85e26e4b-a518-4b32-9623-6a3d262f6368','sqale_index','10',0),(155,'85e26e4b-a518-4b32-9623-6a3d262f6368','sqale_rating','1.0',1),(156,'85e26e4b-a518-4b32-9623-6a3d262f6368','bugs','1',0),(157,'85e26e4b-a518-4b32-9623-6a3d262f6368','lines_to_cover','11',NULL),(158,'85e26e4b-a518-4b32-9623-6a3d262f6368','uncovered_lines','11',0),(159,'85e26e4b-a518-4b32-9623-6a3d262f6368','cognitive_complexity','0',1),(160,'85e26e4b-a518-4b32-9623-6a3d262f6368','duplicated_blocks','0',1),(161,'85e26e4b-a518-4b32-9623-6a3d262f6368','ncloc','165',NULL),(162,'85e26e4b-a518-4b32-9623-6a3d262f6368','vulnerabilities','0',1),(163,'85e26e4b-a518-4b32-9623-6a3d262f6368','files','9',NULL),(164,'85e26e4b-a518-4b32-9623-6a3d262f6368','line_coverage','0.0',0),(165,'3056723c-4542-458b-8b5f-0ee0b3289557','coverage','0.0',0),(166,'3056723c-4542-458b-8b5f-0ee0b3289557','complexity','2',NULL),(167,'3056723c-4542-458b-8b5f-0ee0b3289557','reliability_rating','3.0',0),(168,'3056723c-4542-458b-8b5f-0ee0b3289557','duplicated_lines_density','0.0',1),(169,'3056723c-4542-458b-8b5f-0ee0b3289557','code_smells','2',0),(170,'3056723c-4542-458b-8b5f-0ee0b3289557','duplicated_lines','0',1),(171,'3056723c-4542-458b-8b5f-0ee0b3289557','functions','2',NULL),(172,'3056723c-4542-458b-8b5f-0ee0b3289557','security_rating','1.0',1),(173,'3056723c-4542-458b-8b5f-0ee0b3289557','classes','0',NULL),(174,'3056723c-4542-458b-8b5f-0ee0b3289557','security_hotspots_reviewed','100.0',1),(175,'3056723c-4542-458b-8b5f-0ee0b3289557','security_hotspots','0',1),(176,'3056723c-4542-458b-8b5f-0ee0b3289557','security_review_rating','1.0',1),(177,'3056723c-4542-458b-8b5f-0ee0b3289557','sqale_index','10',0),(178,'3056723c-4542-458b-8b5f-0ee0b3289557','sqale_rating','1.0',1),(179,'3056723c-4542-458b-8b5f-0ee0b3289557','bugs','1',0),(180,'3056723c-4542-458b-8b5f-0ee0b3289557','lines_to_cover','11',NULL),(181,'3056723c-4542-458b-8b5f-0ee0b3289557','uncovered_lines','11',0),(182,'3056723c-4542-458b-8b5f-0ee0b3289557','cognitive_complexity','0',1),(183,'3056723c-4542-458b-8b5f-0ee0b3289557','duplicated_blocks','0',1),(184,'3056723c-4542-458b-8b5f-0ee0b3289557','ncloc','165',NULL),(185,'3056723c-4542-458b-8b5f-0ee0b3289557','vulnerabilities','0',1),(186,'3056723c-4542-458b-8b5f-0ee0b3289557','files','9',NULL),(187,'3056723c-4542-458b-8b5f-0ee0b3289557','line_coverage','0.0',0),(188,'159c8a65-dba7-4a88-b48b-1d0a1286c725','coverage','0.0',0),(189,'159c8a65-dba7-4a88-b48b-1d0a1286c725','complexity','2',NULL),(190,'159c8a65-dba7-4a88-b48b-1d0a1286c725','reliability_rating','3.0',0),(191,'159c8a65-dba7-4a88-b48b-1d0a1286c725','duplicated_lines_density','0.0',1),(192,'159c8a65-dba7-4a88-b48b-1d0a1286c725','code_smells','2',0),(193,'159c8a65-dba7-4a88-b48b-1d0a1286c725','duplicated_lines','0',1),(194,'159c8a65-dba7-4a88-b48b-1d0a1286c725','functions','2',NULL),(195,'159c8a65-dba7-4a88-b48b-1d0a1286c725','security_rating','1.0',1),(196,'159c8a65-dba7-4a88-b48b-1d0a1286c725','classes','0',NULL),(197,'159c8a65-dba7-4a88-b48b-1d0a1286c725','security_hotspots_reviewed','100.0',1),(198,'159c8a65-dba7-4a88-b48b-1d0a1286c725','security_hotspots','0',1),(199,'159c8a65-dba7-4a88-b48b-1d0a1286c725','security_review_rating','1.0',1),(200,'159c8a65-dba7-4a88-b48b-1d0a1286c725','sqale_index','10',0),(201,'159c8a65-dba7-4a88-b48b-1d0a1286c725','sqale_rating','1.0',1),(202,'159c8a65-dba7-4a88-b48b-1d0a1286c725','bugs','1',0),(203,'159c8a65-dba7-4a88-b48b-1d0a1286c725','lines_to_cover','11',NULL),(204,'159c8a65-dba7-4a88-b48b-1d0a1286c725','uncovered_lines','11',0),(205,'159c8a65-dba7-4a88-b48b-1d0a1286c725','cognitive_complexity','0',1),(206,'159c8a65-dba7-4a88-b48b-1d0a1286c725','duplicated_blocks','0',1),(207,'159c8a65-dba7-4a88-b48b-1d0a1286c725','ncloc','165',NULL),(208,'159c8a65-dba7-4a88-b48b-1d0a1286c725','vulnerabilities','0',1),(209,'159c8a65-dba7-4a88-b48b-1d0a1286c725','files','9',NULL),(210,'159c8a65-dba7-4a88-b48b-1d0a1286c725','line_coverage','0.0',0),(211,'9759b80c-8789-4a38-aeb1-6810d056463d','coverage','0.0',0),(212,'9759b80c-8789-4a38-aeb1-6810d056463d','complexity','2',NULL),(213,'9759b80c-8789-4a38-aeb1-6810d056463d','reliability_rating','3.0',0),(214,'9759b80c-8789-4a38-aeb1-6810d056463d','duplicated_lines_density','0.0',1),(215,'9759b80c-8789-4a38-aeb1-6810d056463d','code_smells','2',0),(216,'9759b80c-8789-4a38-aeb1-6810d056463d','duplicated_lines','0',1),(217,'9759b80c-8789-4a38-aeb1-6810d056463d','functions','2',NULL),(218,'9759b80c-8789-4a38-aeb1-6810d056463d','security_rating','1.0',1),(219,'9759b80c-8789-4a38-aeb1-6810d056463d','classes','0',NULL),(220,'9759b80c-8789-4a38-aeb1-6810d056463d','security_hotspots_reviewed','100.0',1),(221,'9759b80c-8789-4a38-aeb1-6810d056463d','security_hotspots','0',1),(222,'9759b80c-8789-4a38-aeb1-6810d056463d','security_review_rating','1.0',1),(223,'9759b80c-8789-4a38-aeb1-6810d056463d','sqale_index','10',0),(224,'9759b80c-8789-4a38-aeb1-6810d056463d','sqale_rating','1.0',1),(225,'9759b80c-8789-4a38-aeb1-6810d056463d','bugs','1',0),(226,'9759b80c-8789-4a38-aeb1-6810d056463d','lines_to_cover','11',NULL),(227,'9759b80c-8789-4a38-aeb1-6810d056463d','uncovered_lines','11',0),(228,'9759b80c-8789-4a38-aeb1-6810d056463d','cognitive_complexity','0',1),(229,'9759b80c-8789-4a38-aeb1-6810d056463d','duplicated_blocks','0',1),(230,'9759b80c-8789-4a38-aeb1-6810d056463d','ncloc','165',NULL),(231,'9759b80c-8789-4a38-aeb1-6810d056463d','vulnerabilities','0',1),(232,'9759b80c-8789-4a38-aeb1-6810d056463d','files','9',NULL),(233,'9759b80c-8789-4a38-aeb1-6810d056463d','line_coverage','0.0',0),(234,'fe6372ae-5bee-450f-92ef-de8d2b5f89f7','bugs','4',NULL);
/*!40000 ALTER TABLE `code_analysis_metrics` ENABLE KEYS */;
UNLOCK TABLES;

--
-- Dumping data for table `reviews_ai`
--

LOCK TABLES `reviews_ai` WRITE;
/*!40000 ALTER TABLE `reviews_ai` DISABLE KEYS */;
INSERT INTO `reviews_ai` VALUES ('19b7e54a-9004-4af8-afc4-acc580c9a13a','b12c6f4b-fdcf-4ba5-9fc8-8a95cf793f01','2529834f-d1fc-4a6c-a921-5450f9bba880','Cập nhật README và sửa đổi nội dung trong src/app/page.js',7,'\"[{\\\"file\\\":\\\"README.md\\\",\\\"line\\\":1,\\\"comment\\\":\\\"[? AI Review] (Mức độ: Cải thiện) Tên dự án trong README nên ngắn gọn và dễ hiểu hơn.  Ví dụ: `csn-ai-code-assessment` thay vì `csn-danhgiabaitapbangaiagent-dtm-React-DinhTanMai`.\\\"},{\\\"file\\\":\\\"src/app/page.js\\\",\\\"line\\\":24,\\\"comment\\\":\\\"[? AI Review] (Mức độ: Nhận xét) Thay đổi dòng này từ \\\\\\\"Save and see your changes instantly.\\\\\\\" sang \\\\\\\"Dự án test codeflow, đây là dự án mẫu\\\\\\\"  không rõ mục đích. Cần thêm thông tin giải thích rõ ràng hơn về mục đích thay đổi này. Nếu đây chỉ là nội dung tạm thời, nên ghi chú rõ ràng trong code.\\\"}]\"','2025-07-27 22:37:12','2025-07-27 22:37:12',NULL),('21ba807b-bafa-4eb0-9dfd-994c89321b1f','6e38abfd-f033-4a89-b1f0-1efd74da53e0','2529834f-d1fc-4a6c-a921-5450f9bba880','Thêm component NoData hiển thị thông báo không tìm thấy dữ liệu',8,'\"[{\\\"file\\\":\\\"src/app/NoData.js\\\",\\\"line\\\":14,\\\"comment\\\":\\\"[? AI Review] (Mức độ: Cải thiện)  Nên sử dụng `Image` component với `priority` để tối ưu hiệu suất tải hình ảnh, đặc biệt là với hình ảnh lớn (400x400).\\\"},{\\\"file\\\":\\\"src/app/NoData.js\\\",\\\"line\\\":16,\\\"comment\\\":\\\"[? AI Review] (Mức độ: Cải thiện)  Nên xem xét sử dụng một icon khác phù hợp hơn với ngữ cảnh \'No data\' thay vì `IconCloudSearch`.  Một icon như \'empty-state\' hoặc \'no-results\' sẽ rõ ràng hơn.\\\"},{\\\"file\\\":\\\"src/app/NoData.js\\\",\\\"line\\\":20,\\\"comment\\\":\\\"[? AI Review] (Mức độ: Cải thiện)  Cần cung cấp thêm context cho người dùng. Ví dụ:  \\\\\\\"Không tìm thấy kết quả. Vui lòng thử lại hoặc kiểm tra từ khóa tìm kiếm.\\\\\\\"\\\"}]\"','2025-07-29 00:12:08','2025-07-29 00:12:08',NULL),('223e7615-206f-4791-9f82-85f61f8bbaab','b12c6f4b-fdcf-4ba5-9fc8-8a95cf793f01','2529834f-d1fc-4a6c-a921-5450f9bba880','Cập nhật README và thay đổi nội dung trong src/app/page.js',7,'\"[{\\\"file\\\":\\\"README.md\\\",\\\"line\\\":1,\\\"comment\\\":\\\"[? AI Review] (Mức độ: Nhận xét) Tên dự án trong README nên ngắn gọn và dễ hiểu hơn. Ví dụ: `csn-ai-code-assessment`.\\\"},{\\\"file\\\":\\\"src/app/page.js\\\",\\\"line\\\":24,\\\"comment\\\":\\\"[? AI Review] (Mức độ: Cải thiện) Thay vì `Dự án test codeflow, đây là dự án mẫu`, nên sử dụng văn bản mô tả chức năng hoặc mục đích của phần tử này rõ ràng hơn. Ví dụ: \'Mô phỏng quá trình đánh giá code\' hoặc mô tả cụ thể hơn về chức năng của dự án.\\\"}]\"','2025-07-29 00:14:19','2025-07-29 00:14:19',NULL);
/*!40000 ALTER TABLE `reviews_ai` ENABLE KEYS */;
UNLOCK TABLES;

--
-- Dumping data for table `course_documents`
--

LOCK TABLES `course_documents` WRITE;
/*!40000 ALTER TABLE `course_documents` DISABLE KEYS */;
INSERT INTO `course_documents` VALUES ('doc001-1111-2222-3333-444444444444','Bài giảng 1: Giới thiệu React','/public/files/react_intro.pdf','course01-1111-2222-3333-444444444444','2025-06-27 20:20:30','2025-06-27 20:20:30',NULL),('doc002-2222-3333-4444-555555555555','Source code demo React','/public/files/react_demo.zip','course01-1111-2222-3333-444444444444','2025-06-27 20:20:30','2025-06-27 20:20:30',NULL),('doc003-3333-4444-5555-666666666666','Thiết kế CSDL quan hệ','/public/files/database_design.pdf','course02-2222-3333-4444-555555555555','2025-06-27 20:20:30','2025-06-27 20:20:30',NULL),('doc004-4444-5555-6666-777777777777','Machine Learning cơ bản','/public/files/ml_basic.pdf','course03-3333-4444-5555-666666666666','2025-06-27 20:20:30','2025-06-27 20:20:30',NULL);
/*!40000 ALTER TABLE `course_documents` ENABLE KEYS */;
UNLOCK TABLES;

--
-- Dumping data for table `course_enrollments`
--

LOCK TABLES `course_enrollments` WRITE;
/*!40000 ALTER TABLE `course_enrollments` DISABLE KEYS */;
INSERT INTO `course_enrollments` VALUES (1,'course01-1111-2222-3333-444444444444','c3d4e5f6-g7h8-9012-3456-789012cdefgh',1,'2025-06-27 20:20:30','2025-06-27 20:20:30',NULL),(2,'course01-1111-2222-3333-444444444444','d4e5f6g7-h8i9-0123-4567-890123defghi',1,'2025-06-27 20:20:30','2025-06-27 20:20:30',NULL),(3,'course02-2222-3333-4444-555555555555','c3d4e5f6-g7h8-9012-3456-789012cdefgh',1,'2025-06-27 20:20:30','2025-06-27 20:20:30',NULL),(4,'course02-2222-3333-4444-555555555555','d4e5f6g7-h8i9-0123-4567-890123defghi',1,'2025-06-27 20:20:30','2025-06-27 20:20:30',NULL),(5,'course03-3333-4444-5555-666666666666','c3d4e5f6-g7h8-9012-3456-789012cdefgh',1,'2025-06-27 20:20:30','2025-06-27 20:20:30',NULL),(6,'c1299562-628b-4752-a968-787228ca7434','2529834f-d1fc-4a6c-a921-5450f9bba880',1,'2025-06-29 02:32:27','2025-06-29 02:32:27',NULL),(7,'course01-1111-2222-3333-444444444444','bcceb2d0-0356-488e-ab2d-a6592da1dac0',1,'2025-07-14 03:01:54','2025-07-14 03:01:54',NULL),(8,'c1299562-628b-4752-a968-787228ca7434','bcceb2d0-0356-488e-ab2d-a6592da1dac0',1,'2025-07-14 03:02:18','2025-07-14 03:02:18',NULL),(9,'c1299562-628b-4752-a968-787228ca7434','ce61b713-8699-49ef-a6f9-f2cd53e41fc3',1,'2025-08-04 04:02:17','2025-08-04 04:02:17',NULL);
/*!40000 ALTER TABLE `course_enrollments` ENABLE KEYS */;
UNLOCK TABLES;

--
-- Dumping data for table `course_tags`
--

LOCK TABLES `course_tags` WRITE;
/*!40000 ALTER TABLE `course_tags` DISABLE KEYS */;
INSERT INTO `course_tags` VALUES ('223f8751-5258-4602-addf-b62529a7080d','tag001-1111-2222-3333-444444444444','c1299562-628b-4752-a968-787228ca7434','2025-08-04 04:02:03','2025-08-04 04:02:03',NULL),('9a80fe4b-80d9-4249-8544-900647273a8f','tag003-3333-4444-5555-666666666666','c1299562-628b-4752-a968-787228ca7434','2025-08-04 04:02:03','2025-08-04 04:02:03',NULL),('d3478d74-ab30-41ba-bba4-508c81120eed','tag002-2222-3333-4444-555555555555','c1299562-628b-4752-a968-787228ca7434','2025-08-04 04:02:03','2025-08-04 04:02:03',NULL);
/*!40000 ALTER TABLE `course_tags` ENABLE KEYS */;
UNLOCK TABLES;

--
-- Dumping data for table `comments`
--

LOCK TABLES `comments` WRITE;
/*!40000 ALTER TABLE `comments` DISABLE KEYS */;
INSERT INTO `comments` VALUES ('comm01-1111-2222-3333-444444444444',NULL,NULL,'d4e5f6g7-h8i9-0123-4567-890123defghi','post001-1111-2222-3333-444444444444',NULL,'Bài viết rất hữu ích! Cảm ơn thầy đã chia sẻ.',1,'2025-06-27 20:20:31','2025-06-27 20:20:31',NULL),('comm02-2222-3333-4444-555555555555','comm01-1111-2222-3333-444444444444',NULL,'b2c3d4e5-f6g7-8901-2345-678901bcdefg','post001-1111-2222-3333-444444444444',NULL,'Rất vui khi bài viết giúp ích được các em!',1,'2025-06-27 20:20:31','2025-06-27 20:20:31',NULL),('comm03-3333-4444-5555-666666666666',NULL,NULL,'c3d4e5f6-g7h8-9012-3456-789012cdefgh','post002-2222-3333-4444-555555555555',NULL,'Thầy có thể giải thích thêm về indexing không ạ?',1,'2025-06-27 20:20:31','2025-06-27 20:20:31',NULL),('comm04-4444-5555-6666-777777777777',NULL,'sub001-1111-2222-3333-444444444444','d4e5f6g7-h8i9-0123-4567-890123defghi',NULL,'course01-1111-2222-3333-444444444444','Code của em chạy tốt, tuy nhiên cần optimize thêm phần authentication.',1,'2025-06-27 20:20:31','2025-06-27 20:20:31',NULL),('fd170b12-1bfe-4e46-977c-41e8fd56a9f7',NULL,NULL,'bcceb2d0-0356-488e-ab2d-a6592da1dac0','post003-3333-4444-5555-666666666666',NULL,'Cảm ơn anh ',1,'2025-07-27 22:58:41','2025-07-27 22:58:41',NULL);
/*!40000 ALTER TABLE `comments` ENABLE KEYS */;
UNLOCK TABLES;

--
-- Dumping data for table `post_likes`
--

LOCK TABLES `post_likes` WRITE;
/*!40000 ALTER TABLE `post_likes` DISABLE KEYS */;
INSERT INTO `post_likes` VALUES ('420c7b15-993b-41e5-a39d-7a45ca621d20','bcceb2d0-0356-488e-ab2d-a6592da1dac0','post003-3333-4444-5555-666666666666','2025-07-27 22:56:51','2025-07-27 22:56:51'),('d07875ac-5ebd-49a2-9d33-4074afdeeab6','27556855-0763-4a0d-baf7-978a2f22ce79','post003-3333-4444-5555-666666666666','2025-07-21 17:04:38','2025-07-21 17:04:38');
/*!40000 ALTER TABLE `post_likes` ENABLE KEYS */;
UNLOCK TABLES;

--
-- Dumping data for table `post_tags`
--

LOCK TABLES `post_tags` WRITE;
/*!40000 ALTER TABLE `post_tags` DISABLE KEYS */;
INSERT INTO `post_tags` VALUES ('75df2095-307a-4b80-9ca0-478fc5e7b34b','tag004-4444-5555-6666-777777777777','post003-3333-4444-5555-666666666666','2025-07-27 22:43:57','2025-07-27 22:43:57',NULL),('e5355606-3f21-489a-99a7-132023b43bb5','tag002-2222-3333-4444-555555555555','post003-3333-4444-5555-666666666666','2025-07-27 22:43:57','2025-07-27 22:43:57',NULL);
/*!40000 ALTER TABLE `post_tags` ENABLE KEYS */;
UNLOCK TABLES;

--
-- Dumping data for table `system_settings`
--

LOCK TABLES `system_settings` WRITE;
/*!40000 ALTER TABLE `system_settings` DISABLE KEYS */;
/*!40000 ALTER TABLE `system_settings` ENABLE KEYS */;
UNLOCK TABLES;


--
-- Dumping data for table `topic_evaluations`
--

LOCK TABLES `topic_evaluations` WRITE;
/*!40000 ALTER TABLE `topic_evaluations` DISABLE KEYS */;
INSERT INTO `topic_evaluations` VALUES ('84a0b123-d370-4601-8f04-3eecacb141b7','bb956b4b-dec1-463d-836a-6c121c2d60de','b2c3d4e5-f6g7-8901-2345-678901bcdefg','Sản phẩm mục tiêu là gì ','2025-08-04 22:00:52','2025-08-04 22:00:52',NULL),('b2f7e11d-37b5-4f06-9288-76e9d40af059','bb956b4b-dec1-463d-836a-6c121c2d60de','b2c3d4e5-f6g7-8901-2345-678901bcdefg','Lorem Ipsum is simply dummy text of the printing and typesetting industry. Lorem Ipsum has been the industry\'s standard dummy text ever since the 1500s, when an unknown printer took a galley of type and scrambled it to make a type specimen book. It has survived not only five centuries,','2025-08-05 00:41:43','2025-08-05 00:41:43',NULL),('be6e8f74-6a4c-45dd-80f6-4c6fc730fe31','bb956b4b-dec1-463d-836a-6c121c2d60de','27556855-0763-4a0d-baf7-978a2f22ce79','Mới nè 12','2025-08-05 00:10:48','2025-08-05 00:42:48',NULL);
/*!40000 ALTER TABLE `topic_evaluations` ENABLE KEYS */;
UNLOCK TABLES;

--
-- Dumping data for table `topic_members`
--

LOCK TABLES `topic_members` WRITE;
/*!40000 ALTER TABLE `topic_members` DISABLE KEYS */;
INSERT INTO `topic_members` VALUES ('189ec062-8002-4c98-bf71-d32d6662c105','588ee5ad-8d7a-4ad5-9d06-0cf334060d17','2529834f-d1fc-4a6c-a921-5450f9bba880','leader','2025-08-05 01:53:53','2025-08-05 01:53:53',NULL),('497e3855-8c54-496d-abd7-50bb19578173','bb956b4b-dec1-463d-836a-6c121c2d60de','2529834f-d1fc-4a6c-a921-5450f9bba880','member','2025-08-05 01:19:25','2025-08-05 01:19:25','2025-08-05 01:24:47'),('52968b24-21e4-48f4-9a60-fb7c93dffcd8','2bad4f56-9698-4fc0-9115-2af49f38981e','2529834f-d1fc-4a6c-a921-5450f9bba880','member','2025-08-05 01:07:17','2025-08-05 01:07:17',NULL),('6646bd6f-afe7-43d2-9ee6-afab408c476e','bb956b4b-dec1-463d-836a-6c121c2d60de','bcceb2d0-0356-488e-ab2d-a6592da1dac0','member','2025-08-03 01:53:53','2025-08-03 01:53:53','2025-08-05 01:19:25'),('6f53ddd2-b1d9-47c1-ae8e-d5fd19d71a68','2bad4f56-9698-4fc0-9115-2af49f38981e','bcceb2d0-0356-488e-ab2d-a6592da1dac0','leader','2025-07-14 18:29:49','2025-07-14 18:29:49','2025-08-05 01:07:17'),('89d232d1-9762-45b1-9728-33dc58746c0a','bb956b4b-dec1-463d-836a-6c121c2d60de','bcceb2d0-0356-488e-ab2d-a6592da1dac0','member','2025-08-05 01:24:47','2025-08-05 01:24:47',NULL),('af469596-e85a-44a0-afd8-02c082cecb4f','bb956b4b-dec1-463d-836a-6c121c2d60de','2529834f-d1fc-4a6c-a921-5450f9bba880','leader','2025-08-03 01:53:53','2025-08-03 01:53:53','2025-08-05 01:19:25'),('b47614ed-8fa3-47fb-b988-c5d24ed16bee','bb956b4b-dec1-463d-836a-6c121c2d60de','2529834f-d1fc-4a6c-a921-5450f9bba880','leader','2025-06-29 02:32:58','2025-06-29 02:32:58','2025-08-03 01:53:53'),('c0ae39b7-f879-4dce-81d9-593a01ebb94e','bb956b4b-dec1-463d-836a-6c121c2d60de','2529834f-d1fc-4a6c-a921-5450f9bba880','member','2025-08-05 01:24:47','2025-08-05 01:24:47',NULL),('c7c0f8a6-8c4d-4f95-9e53-da4dd3de20f5','2bad4f56-9698-4fc0-9115-2af49f38981e','bcceb2d0-0356-488e-ab2d-a6592da1dac0','member','2025-08-05 01:07:17','2025-08-05 01:07:17',NULL),('dd8e560f-98b2-4715-a7dd-263ec01544d6','588ee5ad-8d7a-4ad5-9d06-0cf334060d17','ce61b713-8699-49ef-a6f9-f2cd53e41fc3','member','2025-08-05 01:53:53','2025-08-05 01:53:53',NULL),('dfe7b0cf-f894-4b80-a854-e07764f66cf3','bb956b4b-dec1-463d-836a-6c121c2d60de','bcceb2d0-0356-488e-ab2d-a6592da1dac0','member','2025-08-05 01:19:25','2025-08-05 01:19:25','2025-08-05 01:24:47'),('e3932010-e057-431f-9ec0-2dd910d33902','588ee5ad-8d7a-4ad5-9d06-0cf334060d17','bcceb2d0-0356-488e-ab2d-a6592da1dac0','member','2025-08-05 01:53:53','2025-08-05 01:53:53',NULL),('e571c454-4ab5-492d-9882-20a000fa8ed2','2bad4f56-9698-4fc0-9115-2af49f38981e','b2c3d4e5-f6g7-8901-2345-678901bcdefg','leader','2025-08-05 01:07:17','2025-08-05 01:07:17',NULL),('ffe65180-92c7-4574-903f-25edecba241d','2bad4f56-9698-4fc0-9115-2af49f38981e','2529834f-d1fc-4a6c-a921-5450f9bba880','member','2025-07-14 18:29:49','2025-07-14 18:29:49','2025-08-05 01:07:17');
/*!40000 ALTER TABLE `topic_members` ENABLE KEYS */;
UNLOCK TABLES;

--
-- Dumping data for table `topic_tags`
--

LOCK TABLES `topic_tags` WRITE;
/*!40000 ALTER TABLE `topic_tags` DISABLE KEYS */;
/*!40000 ALTER TABLE `topic_tags` ENABLE KEYS */;
UNLOCK TABLES;

--
-- Dumping data for table `user_settings`
--

LOCK TABLES `user_settings` WRITE;
/*!40000 ALTER TABLE `user_settings` DISABLE KEYS */;
INSERT INTO `user_settings` VALUES ('2a822219-10e3-43ca-8456-ca2801c8d418','bcceb2d0-0356-488e-ab2d-a6592da1dac0',1,1,1,1,0,1,'2025-08-04 01:20:17','2025-08-04 01:24:04',NULL),('2d817989-4cad-4ed3-a06d-6c21fc3a7720','2529834f-d1fc-4a6c-a921-5450f9bba880',1,1,1,1,1,1,'2025-06-27 23:25:13','2025-08-04 00:46:10',NULL),('3f968f2b-fa7a-4e6b-aacc-579cb6eabfb9','c3d4e5f6-g7h8-9012-3456-789012cdefgh',1,1,1,1,1,1,'2025-06-28 03:01:28','2025-06-28 03:01:28',NULL),('d8f20896-7f50-4632-b94f-fdca08e4665b','b2c3d4e5-f6g7-8901-2345-678901bcdefg',1,1,1,1,1,1,'2025-06-29 02:16:08','2025-06-29 02:16:08',NULL),('fb766f75-b485-42ba-aacd-58e189de639f','ce61b713-8699-49ef-a6f9-f2cd53e41fc3',1,1,1,1,1,1,'2025-08-04 02:51:40','2025-08-04 02:51:40',NULL);
/*!40000 ALTER TABLE `user_settings` ENABLE KEYS */;
UNLOCK TABLES;
/*!40103 SET TIME_ZONE=@OLD_TIME_ZONE */;

/*!40101 SET SQL_MODE=@OLD_SQL_MODE */;
/*!40014 SET FOREIGN_KEY_CHECKS=@OLD_FOREIGN_KEY_CHECKS */;
/*!40014 SET UNIQUE_CHECKS=@OLD_UNIQUE_CHECKS */;
/*!40101 SET CHARACTER_SET_CLIENT=@OLD_CHARACTER_SET_CLIENT */;
/*!40101 SET CHARACTER_SET_RESULTS=@OLD_CHARACTER_SET_RESULTS */;
/*!40101 SET COLLATION_CONNECTION=@OLD_COLLATION_CONNECTION */;
/*!40111 SET SQL_NOTES=@OLD_SQL_NOTES */;

-- Dump completed on 2025-08-05 12:48:05
